"Easting","Northing","Load","Elevation","Weight","Prediction","Set","Residual","Dataset"
596391,9130209.571,7,314.5,1,10.79,"Train",3.79,"Dataset_1"
599496,9129733.082,7,314.5,1,12.3575,"Train",5.3575,"Dataset_1"
599783,9159855.018,1.4,314.5,1,2.33973,"Train",0.93973,"Dataset_1"
600480,9153130.672,2.8,314.5,1,4.38118,"Train",1.58118,"Dataset_1"
606322,9127239.31,21,314.5,1,16.1392,"Train",-4.8608,"Dataset_1"
608892,9131373.431,21,314.5,1,19.7103,"Train",-1.2897,"Dataset_1"
608915,9123126.881,14,314.5,1,14.6766,"Train",0.676600000000001,"Dataset_1"
609499,9126559.233,28,314.5,1,18.6175,"Train",-9.3825,"Dataset_1"
610624,9129342.239,35,314.5,1,21.3034,"Train",-13.6966,"Dataset_1"
610845,9139787.292,16.8,314.5,1,15.5447,"Train",-1.2553,"Dataset_1"
611217,9133011.055,42,314.5,1,21.4998,"Train",-20.5002,"Dataset_1"
611574,9141321.215,14,314.5,1,14.2314,"Train",0.231400000000001,"Dataset_1"
611991,9151621.43,1.4,314.5,1,5.70365,"Train",4.30365,"Dataset_1"
612110,9121116.642,14,314.5,1,14.6442,"Train",0.6442,"Dataset_1"
612533,9150050.7,2.8,314.5,1,6.68296,"Train",3.88296,"Dataset_1"
612668,9159396.392,1.4,314.5,1,2.59537,"Train",1.19537,"Dataset_1"
614096,9119345.682,14,314.5,1,13.3589,"Train",-0.6411,"Dataset_1"
622919,9113185.954,14,314.5,1,6.57381,"Train",-7.42619,"Dataset_1"
623586,9115260.451,14,314.5,1,10.9472,"Train",-3.0528,"Dataset_1"
625181,9124003.648,42,314.5,1,42.735,"Train",0.734999999999999,"Dataset_1"
627188,9109257.98,7,314.5,1,2.22947,"Train",-4.77053,"Dataset_1"
628158,9123335.041,42,314.5,1,50.539,"Train",8.539,"Dataset_1"
628398,9141296.458,14,314.5,1,18.4291,"Train",4.4291,"Dataset_1"
629033,9131696.292,35,314.5,1,50.4154,"Train",15.4154,"Dataset_1"
629452,9119479.717,14,314.5,1,34.6685,"Train",20.6685,"Dataset_1"
630045,9135164.262,49,314.5,1,37.6611,"Train",-11.3389,"Dataset_1"
630322,9122948.062,84,314.5,1,57.5023,"Train",-26.4977,"Dataset_1"
630400,9117932.035,14,314.5,1,27.3612,"Train",13.3612,"Dataset_1"
630971,9140026.93,28,314.5,1,21.4601,"Train",-6.5399,"Dataset_1"
631505,9115652.839,2.8,314.5,1,16.5852,"Train",13.7852,"Dataset_1"
632279,9130455.431,84,314.5,1,63.7476,"Train",-20.2524,"Dataset_1"
632377,9119879.829,28,314.5,1,44.7701,"Train",16.7701,"Dataset_1"
632427,9123347.462,56,314.5,1,69.2387,"Train",13.2387,"Dataset_1"
633004,9141759.666,14,314.5,1,17.0911,"Train",3.0911,"Dataset_1"
633487,9113834.827,2.8,314.5,1,10.0037,"Train",7.2037,"Dataset_1"
633828,9114236.196,7,314.5,1,11.4197,"Train",4.4197,"Dataset_1"
633842,9128466.705,84,314.5,1,78.5785,"Train",-5.42149999999999,"Dataset_1"
633976,9121994.54,56,314.5,1,67.5075,"Train",11.5075,"Dataset_1"
633989,9137935.861,21,314.5,1,27.7384,"Train",6.7384,"Dataset_1"
634320,9144480.36,7,314.5,1,11.9387,"Train",4.9387,"Dataset_1"
634862,9118066.462,28,314.5,1,34.8561,"Train",6.8561,"Dataset_1"
634952,9118702.01,70,314.5,1,40.5516,"Train",-29.4484,"Dataset_1"
635415,9126044.779,84,314.5,1,92.2392,"Train",8.2392,"Dataset_1"
635544,9146255.265,7,314.5,1,9.37147,"Train",2.37147,"Dataset_1"
636257,9119767.038,84,314.5,1,53.4967,"Train",-30.5033,"Dataset_1"
636417,9125246.272,112,314.5,1,96.6636,"Train",-15.3364,"Dataset_1"
636496,9112916.659,14,314.5,1,6.98374,"Train",-7.01626,"Dataset_1"
637324,9123483.541,84,314.5,1,93.3657,"Train",9.3657,"Dataset_1"
637327,9123468.174,56,314.5,1,93.2723,"Train",37.2723,"Dataset_1"
638642,9143352.802,14,314.5,1,12.5164,"Train",-1.4836,"Dataset_1"
639389,9132701.354,112,314.5,1,55.0064,"Train",-56.9936,"Dataset_1"
639846,9149492.409,2.8,314.5,1,5.67398,"Train",2.87398,"Dataset_1"
641953,9123024.034,168,314.5,1,95.2709,"Train",-72.7291,"Dataset_1"
642104,9131055.914,112,314.5,1,64.0048,"Train",-47.9952,"Dataset_1"
642451,9136494.715,7,314.5,1,27.8396,"Train",20.8396,"Dataset_1"
642882,9113422.194,14,314.5,1,5.60045,"Train",-8.39955,"Dataset_1"
643431,9150372.425,2.8,314.5,1,4.52946,"Train",1.72946,"Dataset_1"
643470,9131143.84,84,314.5,1,58.3461,"Train",-25.6539,"Dataset_1"
644200,9134501.961,21,314.5,1,33.6457,"Train",12.6457,"Dataset_1"
645934,9145238.163,7,314.5,1,7.40871,"Train",0.40871,"Dataset_1"
650322,9128471.143,105,314.5,1,29.1774,"Train",-75.8226,"Dataset_1"
650341,9128483.37,84,314.5,1,29.0403,"Train",-54.9597,"Dataset_1"
651164,9132839.477,84,314.5,1,18.1198,"Train",-65.8802,"Dataset_1"
651300,9132255.402,63,314.5,1,18.5968,"Train",-44.4032,"Dataset_1"
668317.7975,9196820.953,0.7,314.5,0.5,0.0696441,"Train",-0.6303559,"Dataset_2"
652621.9744,9195139.467,0.7,314.5,0.5,0.0880026,"Train",-0.6119974,"Dataset_2"
637425.4904,9193204.557,0.7,314.5,0.5,0.108107,"Train",-0.591893,"Dataset_2"
632441.8997,9191981.208,0.7,314.5,0.5,0.119949,"Train",-0.580051,"Dataset_2"
631924.7601,9184809.431,0.7,314.5,0.5,0.183688,"Train",-0.516312,"Dataset_2"
632655.6349,9178871.831,0.7,314.5,0.5,0.289528,"Train",-0.410472,"Dataset_2"
626355.6932,9104570.93,0.7,314.5,0.5,0.449573,"Train",-0.250427,"Dataset_2"
622808.2592,9102482.121,0.7,314.5,0.5,0.251276,"Train",-0.448724,"Dataset_2"
620884.5247,9103351.508,0.7,314.5,0.5,0.357589,"Train",-0.342411,"Dataset_2"
618897.9326,9103974.083,0.7,314.5,0.5,0.45616,"Train",-0.24384,"Dataset_2"
651142.6529,9121319.544,0.7,314.5,0.5,15.4721,"Train",14.7721,"Dataset_2"
648149.196,9118365.203,7,314.5,0.5,15.9234,"Train",8.9234,"Dataset_2"
624478.3225,9099792.562,1.4e-06,314.5,0.5,0.0942789,"Train",0.0942775,"Dataset_2"
644260.7247,9107510.933,1.4e-06,314.5,0.5,0.374735,"Train",0.3747336,"Dataset_2"
646012.7376,9111209.589,1.4e-06,314.5,0.5,1.4531,"Train",1.4530986,"Dataset_2"
647523.2046,9117008.734,1.4,314.5,0.5,11.5657,"Train",10.1657,"Dataset_2"
677235.2876,9116779.052,1.4e-06,314.5,0.5,0.0247525,"Train",0.0247511,"Dataset_2"
662614.6427,9130791.934,1.4,314.5,0.5,1.96079,"Train",0.56079,"Dataset_2"
657522.2071,9169987.86,6,314.5,0.5,0.364223,"Train",-5.635777,"Dataset_2"
634367.0106,9167585.163,4.2,314.5,0.5,0.845676,"Train",-3.354324,"Dataset_2"
627007.6947,9161053.62,10.5,314.5,0.5,1.96978,"Train",-8.53022,"Dataset_2"
633514.9978,9174510.948,4.9,314.5,0.5,0.425291,"Train",-4.474709,"Dataset_2"
619406.2488,9108201.132,4.2,314.5,0.5,1.6195,"Train",-2.5805,"Dataset_2"
620533.6656,9111531.751,11.2,314.5,0.5,4.05816,"Train",-7.14184,"Dataset_2"
621286.3375,9114122.73,11.2,314.5,0.5,7.73791,"Train",-3.46209,"Dataset_2"
613044.9075,9114446.954,11.2,314.5,0.5,5.87895,"Train",-5.32105,"Dataset_2"
623311.5859,9118989.198,28,314.5,0.5,21.7056,"Train",-6.2944,"Dataset_2"
619298.3712,9105602.988,1.4,314.5,0.5,0.75101,"Train",-0.64899,"Dataset_2"
619300.9966,9106590.637,1.4,314.5,0.5,1.0121,"Train",-0.3879,"Dataset_2"
619298.3712,9105602.988,1.4,314.5,0.5,0.75101,"Train",-0.64899,"Dataset_2"
616598.9099,9131203.191,35,314.5,0.5,28.7048,"Train",-6.2952,"Dataset_2"
610338.7816,9139186.343,42,314.5,0.5,15.9114,"Train",-26.0886,"Dataset_2"
629798.3207,9138024.302,28,314.5,0.5,27.1723,"Train",-0.8277,"Dataset_2"
630532.5213,9122797.613,49,314.5,0.5,57.6378,"Train",8.6378,"Dataset_2"
631589.4355,9122856.338,56,314.5,0.5,62.6061,"Train",6.6061,"Dataset_2"
634325.4446,9123157.158,63,314.5,0.5,77.5322,"Train",14.5322,"Dataset_2"
635568.5055,9123091.738,70,314.5,0.5,83.0472,"Train",13.0472,"Dataset_2"
638982.8543,9121568.514,70,314.5,0.5,79.6105,"Train",9.6105,"Dataset_2"
646602.6425,9127959.942,140,314.5,0.5,60.8545,"Train",-79.1455,"Dataset_2"
647444.6314,9128791.07,112,314.5,0.5,49.562,"Train",-62.438,"Dataset_2"
649546.8542,9125202.042,49,314.5,0.5,36.5974,"Train",-12.4026,"Dataset_2"
649963.3306,9128999.119,28,314.5,0.5,30.5308,"Train",2.5308,"Dataset_2"
649323.0961,9132892.59,14,314.5,0.5,23.9651,"Train",9.9651,"Dataset_2"
638403.7704,9140957.084,2.1,314.5,0.5,17.2317,"Train",15.1317,"Dataset_2"
639182.8576,9141541.673,1.4,314.5,0.5,15.5987,"Train",14.1987,"Dataset_2"
638023.806,9149206.377,21,314.5,0.5,6.18099,"Train",-14.81901,"Dataset_2"
617501.5074,9150188.734,10.5,314.5,0.5,6.78897,"Train",-3.71103,"Dataset_2"
624103,9111696.128,7,314.5,0,4.58901,"Test",-2.41099,"Dataset_1"
629936,9122930.73,56,314.5,0,55.7974,"Test",-0.202599999999997,"Dataset_1"
629549,9142131.799,28,314.5,0,16.6913,"Test",-11.3087,"Dataset_1"
606002,9134454.513,35,314.5,0,16.6154,"Test",-18.3846,"Dataset_1"
623903,9139886.513,28,314.5,0,20.7329,"Test",-7.2671,"Dataset_1"
626002,9116568.401,14,314.5,0,16.2484,"Test",2.2484,"Dataset_1"
648254,9143394.028,14,314.5,0,7.99378,"Test",-6.00622,"Dataset_1"
635545,9123596.347,70,314.5,0,86.2226,"Test",16.2226,"Dataset_1"
604054,9159569.497,1.4,314.5,0,2.48075,"Test",1.08075,"Dataset_1"
634336,9120657.35,42,314.5,0,57.2916,"Test",15.2916,"Dataset_1"
637194,9125075.016,112,314.5,0,99.777,"Test",-12.223,"Dataset_1"
606831,9143436.125,21,314.5,0,10.8611,"Test",-10.1389,"Dataset_1"
620935,9118808.97,14,314.5,0,18.3304,"Test",4.3304,"Dataset_1"
644675,9139335.273,7,314.5,0,16.5423,"Test",9.5423,"Dataset_1"
617445,9135784.492,28,314.5,0,24.6946,"Test",-3.3054,"Dataset_1"
625423,9127624.25,42,314.5,0,48.556,"Test",6.556,"Dataset_1"
